This sheet is used to auto-generate content for civrealmsmap.github.io	To add/correct something: right-click -> Insert Comment. (Might reveal email/ google acount) Thanks! (or message me on discord: Raven#0971 or reddit /u/RavenMC_														
Name	x	z	Nation	Contact	image	image_album	Discord	Web	Wiki	Symbol	Visitors	Zoom Visibility	id	Notes	Nickname
89	85		99%	84%	9%	2%	39%	0%	17%	15%	81%	(used for CRMap)		34%	(used for civrealmsMap)
Solitude	-13700	-15500	Alexandria	Jaydon_							ask beforehand	3			
Saviors City	-1400	-7500	Solaria	MSPaint						https://static.miraheze.org/civrealmswiki/6/63/Saviors_Flag.png	welcome	2		Ruin	
Zexenia	-815	-6897	Zexenia	FuzzyMitz								1	S8	Capital City	
Kannin	-610	-10205	Norlund Republic	Terry			https://discord.gg/XbKFNEu		https://civrealms.miraheze.org/wiki/Norlund		welcome	1	S2		
Inca Ruins	-530	-6000	Former Incan Empire									4	S25		
Volstad	-500	-6000	Yggdrasil	Motown						https://cdn.discordapp.com/attachments/713509968413720599/713510276926013511/unknown.png	welcome	2			
Norvansgard	-300	-10700	Norlund Republic	Shameless_Shamus	https://cdn.discordapp.com/attachments/703263833942261784/703984245453881435/2020-04-26_16.10.19.png		https://discord.gg/HXtvXv				welcome	2		Viking Roleplay	
The Vatican	-40	-8865	Norlund Republic	Leobonet							welcome	2			
Chicago Ruins	20	-5820	Former Chicaco Empire								KEEP OUT	4	S26		
Veria	100	-9600	Norlund Republic	A_M_A_Z_E	https://cdn.discordapp.com/attachments/652196864032243748/704957710092730368/unknown.png		https://discord.gg/MkGu7H				welcome	1		Commune	
Tallum	100	-8700	Norlund Republic	Knoxmoor	https://cdn.discordapp.com/attachments/652196864032243748/697355135524798524/unknown.png		https://discord.gg/WFn5qDZ				welcome	2			
Palaisance	300	-10700	Norlund Republic	Xraptor3344	https://i.imgur.com/UNP5n7M.png		https://discord.gg/WFn5qDZ				welcome	2		French Canadian	
StoneGate	839	-8704	Moloka	JP_0309			https://discord.gg/nWKXGwt				ask beforehand	1			
Yoslan	1040	-9420	Yoslan	1234fireball							welcome	1	S31	VÃ¶tgil language speakers	
Xiangmu Ruins	1111	-7000	Former United Republic				http://discord.gg/qvGVHzw		https://civrealms.miraheze.org/wiki/Unitas	https://static.miraheze.org/civrealmswiki/0/03/Unitas_Xiangmu_Flag.png	welcome	4	S4	Former Capital, Communist	
Xifang Ruins	1200	-8000	Former United Republic				http://discord.gg/qvGVHzw		https://civrealms.miraheze.org/wiki/Unitas	https://static.miraheze.org/civrealmswiki/c/cd/Unitas_Xifang_Flag.png	welcome	4	S6	Former Anarchist Village	
Honshu	1340	555	Yamato	Jamesie_s			https://discord.gg/waFcjrh				welcome	1	S14		
Heaven	1555	-12705	Carbon	Convoy							KEEP OUT	1	S35		
Tombstone	1555	-6235	Yggdrasil	Inavder1337								1	S24	Ruin	
Lynn	2000	-4100	Otonabee	sadie1373							welcome	1	S40		
Braxos	2022	-8401	Moloka	Kalypso, Maxpowerboy, Pirater			https://discord.gg/YuWkzSh		https://civrealms.miraheze.org/wiki/Moloka			1	S7	Capital City	
Tel Adam	2400	-6200	Wheatistan	esorscher			https://discord.gg/eHjs36S				welcome	1	S32		
Citadel	2525	-7125	ICOR	 Flexional			https://discord.gg/77GKbrY					1	S10		
Serenity Ruins	2862	-8500	Former Aurora Oasis				https://discord.gg/KJzzDsQ		https://civrealms.miraheze.org/wiki/Aurora_Oasis		welcome	2	S3	Capital City	
Castra Othina	2920	-9000	The Roman Empire	Geirvald								2	S28		
Rome	3173	-7238	The Roman Empire	marino94							welcome	1			
Anvard	3370	-820	Anvard (Blackwater)	VolutionFs, ieatazz69, fantasworm					https://civrealms.miraheze.org/wiki/Anvard		ask beforehand	1	S19		
Bloom	3822	-5289	Carbon	Slushhi							welcome	1			
Amaryllis	3831	-6782	Mount Augusta	DaisyFresh							welcome	2	S13		
Mount Augusta	3840	-5900	Mount Augustta	Topher3001			https://discord.gg/zYeh8yn				welcome	1	S33		
Tenochtitlan	4000	-2400	Blackwater	DarkyDu			https://discord.gg/hSMAQGS		https://civrealms.miraheze.org/wiki/Tenochtitlan	https://cdn.discordapp.com/attachments/656935410056036383/659011359412977674/Tenochtitlan_Flag.png	ask beforehand	2	S20	Capital City	
Olendor	4200	-4600	Varathia	Aresot			https://discord.gg/uGWHmuR		https://civrealms.miraheze.org/wiki/Varathia	https://static.miraheze.org/civrealmswiki/8/8a/Varathia_Flag.png	welcome	1	S1	Capital City	
new new boris	4380	-5900	Mount Augusta	iakwai							welcome	2			
Ruins of CivCorp City	4539	-5294	CivCorp	MCSPenguin			https://discord.gg/Tx4SPGX				ask beforehand	4	S23		
Crystal Cove	4560	-8725	Carbon	Patar15, Convoy			https://discord.gg/z97bUx9		https://civrealms.miraheze.org/wiki/Carbon	https://static.miraheze.org/civrealmswiki/a/ac/Carbon_Flag.png		1	S9	Capital City	
New Achroma City	4565	-3885	Varathia	RavenRavenRaven			https://discord.gg/xbTjNdc			https://static.miraheze.org/civrealmswiki/e/e7/NAC_Flag.png	welcome	3	S34	City without Color	
Villa Mare	4800	-8400	The Roman Empire	Marino94								2	S27		
Exarchos	4965	-9990	Commune of Exarchos (Carbon)	Kore_6, fantasworm			https://discord.gg/mHKmg3Y		https://civrealms.miraheze.org/wiki/Industrial_Workers_of_the_World		ask beforehand	2	S37	Capital City	
Dar al-Vexler	5000	-2000	Blackwater	DarkyDu	https://i.imgur.com/tOZDXFt.png	https://imgur.com/a/F3xGkwE	https://discord.gg/hSMAQGS		https://civrealms.miraheze.org/wiki/Dar_al-Vexler	https://cdn.discordapp.com/attachments/656935410056036383/659010905396477952/Dar_al-Vexler_Flag.png	welcome	1	S17	Ruin	
Rio de Patata	5108	-6448	Wheatistan	kellories							welcome	2			
Tolstoy	5200	-10230	Commune of Tolstoy (Carbon)	ExcaliburSword, heyduckhi			https://discord.gg/Qx9nwZy			https://cdn.discordapp.com/attachments/665224520839462932/665224676749869086/tolstoy_flag.png	welcome	1	S29	Capital City	
Port Paradis	5200	-2600	Yamato	Jamesie_s			https://discord.gg/hSMAQGS				welcome	3	S21	Ruin	
Accelerada	5286	-4619	Accelerada (Alexandria)	noahravn, ieatazz69			https://discord.gg/f2XGHkY		https://civrealms.miraheze.org/wiki/Accelerada		welcome	2	S22	Capital City	
NikkoMura	5526	-3757	Alexandria	NikkoSama							welcome	1	S30	Japanese themed town	
Alexandria	5677	-3228	Alexandria	TTastic, Albyrt, Jaydon_			https://discord.gg/METThWq		https://civrealms.miraheze.org/w/index.php?search=Alexandria&title=Special%3ASearch&go=Go		welcome	1	S5	Capital City	
Wheaton	5980	-6500	Wheatistan								welcome	1	S11		
Huliaipole	6270	-10015	Borlian Socialist Republic	coolking1500			https://discord.gg/HnHnkXB				ask beforehand	1	S38	Capital City	
Maruipol	6495	-10245	Borlian Socialist Republic	Gus_Hartsock							welcome	3	S39		
Bremerhaven	8010	-10170	Carbon	Narwhal_19	https://i.imgur.com/70Fgjiv.png	https://imgur.com/a/XQVQ18Z	https://discord.gg/stp4uP6		https://civrealms.miraheze.org/wiki/Bremerhaven	https://static.miraheze.org/civrealmswiki/b/b8/Bremerhaven_Flag.png	welcome	1	S36	Capital City	
															
Ermios	2050	-1175	Miletos (Alexandria)	Fitian							welcome	1	S15		
Tribalfolk of the Great Mountain Ruins			Tribalfolk of the Great Mountain									4	S16	Ruin	
neoboris	21	-5831	boris									2	S17		
new vietnam	-510	-5724	boris									2	S18		
Darthmouth			Ontanbee										S19		
Vasticus			SPQR										S20		
New Agral	-600	-4500	New Agral	FreeStyleJr08								2	S21		
															
Calormen	-150	-3600	Anvard (Blackwater)	fantasyworm							welcome	2	S23		
Obsidian	555	-4060	Obsidian									2	S24		
Chesham	4127	-4252	Varathia								welcome	2	S25		
Old Godhaven	-700	-2900	Imperial Federation (SPQR)	Thejmqn						https://cdn.discordapp.com/attachments/711611322403389523/711613267843219486/GodhavenFlag.png	welcome	2	S25	State of Godhaven	
The Void	2777	-2589	Blackwater	Phacad3							KEEP OUT	2	S25		
Dbugingrad	1500	-7800	Dbugingrad	dbug113							ask beforehand	1	S26		
Chungus City	4025	-3615	Cantina	Yaahya, Pirater, Snail			https://discord.gg/rZgaZbr				welcome	1	S27		
Ashford	3130	-8030	Columbia 	shadedoom			https://discord.gg/dKqmBZ4				welcome		S28		
Apoland	2980	-8249	Columbia 	shadedoom			https://discord.gg/dKqmBZ44				welcome		S29		
Rodentia	1850	-1540	Rodentia (Miletos)	EzriTigris, TheDocScratch, Basilissa	https://static.miraheze.org/civrealmswiki/thumb/6/68/Rodentia_Flag_Wreathless.svg/640px-Rodentia_Flag_Wreathless.svg.png				https://www.google.com/url?q=https://civrealms.miraheze.org/wiki/Rodentia&sa=D&ust=1596929005885000&usg=AFQjCNF7BVQW3RpwTgn3ZBC70lU7sE5_Og		welcome	2	S30	Anarchist Commune	
Calypso	-143	-6493	Calypso	5point0							ask beforehand		S31		
New York City	164	-8133	Yggdrasil	Joseph145614							welcome		S32		
Roma	1044	-2868	SPQR (Alexandria)	NovaCeasar							ask beforehand	1	S33		
Liebowitz	2459	-1411	Miletos (Alexandria)	comicalerror							welcome		S34		
TChad	-13826	-16427	TChad	jfk							ask beforehand		S35		
Odresh	-14233	-15965	Odresh	Crusher							welcome		S36		
Cantina	3410	-3741	Cantina	HiImPosey							ask beforehand		S37		
Pacem	5639	-7176	Wheatistan	MrLostMickers							welcome		S38		
Dionysia	1888	-6183	Dionysia	CraftMistress									S39		
Hearth	3270	-2267	Blackwater	Phacad3, TradeWars							welcome	4	S40	Ruins of Eslenti	
Arelat	1822	-6825	Arelat	joshyutah							welcome		S41		
Elswyer	1202	-7393	Yggdrasil	Sir__Grettir							welcome		S42		
Godhaven	-27900	3200	Godhaven (IF)	Thejmqn			https://discord.gg/a7TuQVr			https://www.google.com/url?q=https://cdn.discordapp.com/attachments/711611322403389523/711613267843219486/GodhavenFlag.png&sa=D&ust=1596931629032000&usg=AFQjCNExVmplthX4CPM26kVHGf2_mPUw5A	welcome	1	S43	Capital City	
Aethia	-27400	3100	Godhaven (IF)	Wolv77							welcome		S44		
Smynerea	-27700	2450	Godhaven (IF)	Ripuhh							welcome	3	S45	Church City	
Callisto	-27150		Callisto (IF)	gordona22							welcome		S46		
Duckapore			Carbon	hiducki							welcome	1	S47		
Rhodium	6893	-10543	Borelian Socialist Republic	SchachclubEv or Zombie_Striker	https://cdn.discordapp.com/attachments/704712926447009812/752953912939642951/2020-09-01_02.05.31.png		https://discord.gg/fyH76TX				welcome	2	S48		
Antigonish City	6452	-9599	Borelian Socialist Republic	SKELET0R_			https://discord.gg/fyH76TX				welcome	1	S49		
Neu Kronstadt	8463	-11472	Borelian Socialist Republic	cat_alunya			https://discord.gg/fyH76TX				welcome	2	S50		
OFC	7792	-9247	Borelian Socialist Republic	4788888 or Pumpernickle6767			https://discord.gg/fyH76TX				welcome	2	S51		
Georgia	7998	-8713		Nevin111							welcome	2	S52		
Godhaven	-602	-2868	Rome									1	S53		
													S54		